State_Code,State,#_Records
1,Alabama,137
2,Alaska,54
3,Arizona,235
4,Arkansas,250
5,California,"1,046"
6,Colorado,197
7,Connecticut,174
8,Delaware,19
9,District of Columbia,1
10,Florida,67
11,Georgia,196
12,Hawaii,1
13,Idaho,116
14,Illinois,983
15,Indiana,313
16,Iowa,342
17,Kansas,310
18,Kentucky,173
19,Louisiana,69
20,Maine,253
21,Maryland,24
22,Massachusetts,321
23,Michigan,595
24,Minnesota,392
25,Mississippi,144
26,Missouri,518
27,Montana,420
28,Nebraska,262
29,Nevada,17
30,New Hampshire,176
31,New Jersey,585
32,New Mexico,89
33,New York,682
34,North Carolina,116
35,North Dakota,207
36,Ohio,713
37,Oklahoma,517
38,Oregon,216
39,Pennsylvania,596
40,Rhode Island,39
41,South Carolina,89
42,South Dakota,150
43,Tennessee,142
44,Texas,"1,045"
45,Utah,41
46,Vermont,301
47,Virginia,133
48,Washington,304
49,West Virginia,63
50,Wisconsin,425
51,Wyoming,48
