year,state,all_students,average_scale_score
2017,National,All students,283
2017,Alabama,All students,268
2017,Alaska,All students,277
2017,Arizona,All students,282
2017,Arkansas,All students,274
2017,California,All students,277
2017,Colorado,All students,286
2017,Connecticut,All students,284
2017,Delaware,All students,278
2017,District of Columbia,All students,266
2017,DoDEA,All students,293
2017,Florida,All students,279
2017,Georgia,All students,281
2017,Hawaii,All students,277
2017,Idaho,All students,284
2017,Illinois,All students,282
2017,Indiana,All students,288
2017,Iowa,All students,286
2017,Kansas,All students,285
2017,Kentucky,All students,278
2017,Louisiana,All students,267
2017,Maine,All students,284
2017,Maryland,All students,281
2017,Massachusetts,All students,297
2017,Michigan,All students,280
2017,Minnesota,All students,294
2017,Mississippi,All students,271
2017,Missouri,All students,281
2017,Montana,All students,286
2017,Nebraska,All students,288
2017,Nevada,All students,275
2017,New Hampshire,All students,293
2017,New Jersey,All students,292
2017,New Mexico,All students,269
2017,New York,All students,282
2017,North Carolina,All students,282
2017,North Dakota,All students,288
2017,Ohio,All students,288
2017,Oklahoma,All students,275
2017,Oregon,All students,282
2017,Pennsylvania,All students,286
2017,Rhode Island,All students,277
2017,South Carolina,All students,275
2017,South Dakota,All students,286
2017,Tennessee,All students,279
2017,Texas,All students,282
2017,Utah,All students,287
2017,Vermont,All students,288
2017,Virginia,All students,290
2017,Washington,All students,289
2017,West Virginia,All students,273
2017,Wisconsin,All students,288
2017,Wyoming,All students,289
